{
  "eval_loss": 0.7109243869781494,
  "eval_accuracy": 0.5053999633900788,
  "eval_runtime": 74.9867,
  "eval_samples_per_second": 72.853,
  "eval_steps_per_second": 9.108
}