{
  "eval_loss": 0.7071447372436523,
  "eval_accuracy": 0.5432912319238513,
  "eval_runtime": 82.7991,
  "eval_samples_per_second": 65.979,
  "eval_steps_per_second": 8.249
}